{"generation": 0, "best_weights": [-0.9724278637348411, -0.9575917958507336, 0.49051641446111605, -0.11043431912527724, 0.9305262003315051, 0.005978367003628637], "best_fitness": 0.20800000000000005, "best_max_depth": 4, "weights_history": [{"generation": 0, "weights": [-0.9724278637348411, -0.9575917958507336, 0.49051641446111605, -0.11043431912527724, 0.9305262003315051, 0.005978367003628637], "fitness": 0.20800000000000005, "max_depth": 4}]}