{"generation": 0, "best_weights": [0.2387543460654642, 0.5999895557303054, 0.16893502611648803, 0.40568036129428686, 0.7770914510982869, 0.16564823396936226, 0.29404148314427236], "best_fitness": 0.8, "best_max_depth": 2, "weights_history": [{"generation": 0, "weights": [0.2387543460654642, 0.5999895557303054, 0.16893502611648803, 0.40568036129428686, 0.7770914510982869, 0.16564823396936226, 0.29404148314427236], "fitness": 0.8, "max_depth": 2}]}